repo_id,user_id,created_at
28278901,1003642,2019-03-26T06:41:58.000Z
28278901,9704364,2016-05-10T18:48:34.000Z
109930907,10440541,2018-09-14T07:47:41.000Z
32779583,452596,2016-02-27T09:10:10.000Z
112465158,45784260,2018-10-08T06:02:24.000Z
130838449,37494416,2019-03-31T07:54:20.000Z
13378441,19,2014-11-12T20:54:53.000Z
13378441,47,2014-11-12T16:42:24.000Z
13378441,49,2016-12-12T06:24:52.000Z
13378441,288,2014-11-14T05:49:50.000Z
13378441,296,2014-12-03T09:26:26.000Z
13378441,330,2018-08-15T08:25:39.000Z
13378441,436,2014-11-12T23:44:42.000Z
13378441,444,2014-11-13T05:24:27.000Z
13378441,473,2014-11-13T00:35:22.000Z
13378441,510,2018-05-02T08:32:40.000Z
13378441,537,2014-11-12T16:06:04.000Z
13378441,557,2016-10-24T03:56:13.000Z
13378441,642,2014-11-12T21:33:41.000Z
13378441,762,2016-07-11T08:12:25.000Z
13378441,796,2014-11-12T16:11:53.000Z
13378441,871,2014-11-13T06:21:30.000Z
13378441,895,2014-11-12T15:38:56.000Z
13378441,915,2014-11-13T01:04:10.000Z
13378441,1020,2014-11-13T12:58:34.000Z
13378441,1116,2014-11-06T22:42:48.000Z
13378441,1241,2014-11-12T15:27:58.000Z
13378441,1404,2014-11-13T07:40:19.000Z
13378441,1440,2014-11-12T23:13:42.000Z
13378441,1477,2014-11-17T19:54:32.000Z
13378441,1495,2015-01-28T21:45:52.000Z
13378441,1512,2015-04-24T10:55:34.000Z
13378441,1540,2014-11-12T15:26:01.000Z
13378441,1570,2014-11-14T05:42:44.000Z
13378441,1895,2014-11-13T01:00:42.000Z
13378441,2001,2014-11-12T22:38:03.000Z
13378441,2025,2015-02-10T01:00:57.000Z
13378441,2066,2016-07-01T13:07:23.000Z
13378441,2219,2014-11-12T16:09:48.000Z
13378441,2263,2014-11-14T12:42:59.000Z
13378441,2276,2015-05-01T11:02:37.000Z
13378441,2277,2015-05-02T21:21:57.000Z
13378441,2343,2014-11-13T00:33:44.000Z
13378441,2406,2015-04-22T20:36:51.000Z
13378441,2439,2014-11-13T21:11:02.000Z
13378441,2487,2014-11-12T19:50:54.000Z
13378441,2494,2015-02-28T14:47:00.000Z
13378441,2504,2014-11-14T06:14:02.000Z
13378441,2638,2015-10-10T12:03:17.000Z
13378441,2669,2014-11-13T01:03:12.000Z
13378441,2710,2014-11-13T08:11:21.000Z
13378441,2738,2014-11-12T15:03:24.000Z
13378441,2758,2014-11-15T14:52:38.000Z
13378441,2762,2014-11-12T15:49:59.000Z
13378441,2798,2015-02-12T12:10:51.000Z
13378441,2809,2014-11-14T06:23:14.000Z
13378441,2813,2014-11-12T20:55:42.000Z
13378441,2815,2017-12-26T03:38:04.000Z
13378441,2819,2014-11-12T15:07:22.000Z
13378441,2821,2014-11-21T13:32:41.000Z
13378441,2880,2014-11-12T21:45:03.000Z
13378441,2901,2014-11-12T15:00:49.000Z
13378441,2936,2014-11-28T21:53:07.000Z
13378441,2941,2014-11-15T13:28:22.000Z
13378441,2999,2014-11-14T01:28:51.000Z
13378441,3009,2014-11-14T16:32:24.000Z
13378441,3032,2014-11-12T16:08:51.000Z
13378441,3070,2014-11-13T11:42:48.000Z
13378441,3076,2015-01-15T21:32:39.000Z
13378441,3092,2014-12-10T04:34:27.000Z
13378441,3098,2016-11-04T08:23:13.000Z
13378441,3135,2014-11-12T16:23:37.000Z
13378441,3136,2014-12-03T06:29:40.000Z
13378441,3144,2014-11-13T12:30:34.000Z
13378441,3146,2014-11-14T15:13:23.000Z
13378441,3161,2018-01-28T08:20:42.000Z
13378441,3164,2014-11-13T04:57:39.000Z
13378441,3186,2014-11-13T05:03:36.000Z
13378441,3193,2015-02-08T00:28:20.000Z
13378441,3206,2014-11-12T16:31:40.000Z
13378441,3235,2014-11-12T21:01:39.000Z
13378441,3252,2018-02-26T01:16:17.000Z
13378441,3255,2014-11-12T23:45:09.000Z
13378441,3264,2014-11-13T04:32:16.000Z
13378441,3279,2014-11-13T03:47:53.000Z
13378441,3289,2014-11-13T11:42:57.000Z
13378441,3308,2014-11-13T10:56:16.000Z
13378441,3334,2014-11-12T21:01:04.000Z
13378441,3337,2014-11-14T20:15:44.000Z
13378441,3341,2014-11-14T08:54:10.000Z
13378441,3349,2014-11-12T14:53:36.000Z
13378441,3377,2015-07-16T12:29:30.000Z
13378441,3417,2015-04-24T08:01:09.000Z
13378441,3423,2014-11-12T14:55:42.000Z
13378441,3446,2017-01-12T05:54:40.000Z
13378441,3451,2014-11-13T03:32:41.000Z
13378441,3511,2015-06-02T10:24:58.000Z
13378441,3520,2014-12-08T01:46:58.000Z
13378441,3521,2014-11-13T04:06:26.000Z
13378441,3534,2014-11-19T00:45:25.000Z
13378441,3545,2014-11-12T17:35:19.000Z
13378441,3567,2014-11-13T02:18:55.000Z
13378441,3575,2014-11-13T07:16:35.000Z
13378441,3576,2014-11-14T08:30:09.000Z
13378441,3594,2014-11-12T23:01:26.000Z
13378441,3601,2014-11-15T06:22:09.000Z
13378441,3631,2014-11-13T06:51:27.000Z
13378441,3635,2014-11-17T13:22:40.000Z
13378441,3656,2014-11-12T18:44:32.000Z
13378441,3668,2014-11-17T07:04:19.000Z
13378441,3673,2014-11-13T06:19:05.000Z
13378441,3681,2014-11-13T07:17:51.000Z
13378441,3694,2014-11-17T00:59:22.000Z
13378441,3697,2015-02-12T10:04:40.000Z
13378441,3706,2014-11-13T12:45:19.000Z
13378441,3723,2015-02-27T12:14:54.000Z
13378441,3813,2015-01-04T03:32:53.000Z
13378441,3877,2014-11-12T16:51:35.000Z
13378441,4199,2014-11-13T02:21:28.000Z
13378441,4264,2014-11-12T18:18:21.000Z
13378441,4298,2014-11-13T14:06:14.000Z
13378441,4299,2019-02-02T04:01:20.000Z
13378441,4344,2014-11-12T23:38:20.000Z
13378441,4358,2017-02-15T04:05:37.000Z
13378441,4383,2014-12-03T12:31:25.000Z
13378441,4398,2014-11-12T23:57:09.000Z
13378441,4418,2014-12-03T16:14:33.000Z
13378441,4456,2014-11-12T20:12:37.000Z
13378441,4461,2014-12-02T10:25:58.000Z
13378441,4463,2014-11-12T22:27:13.000Z
13378441,4490,2015-04-29T14:22:10.000Z
13378441,4501,2016-11-01T18:20:45.000Z
13378441,4506,2018-09-23T14:30:31.000Z
13378441,4551,2015-03-20T00:01:37.000Z
13378441,4563,2014-11-12T22:37:06.000Z
13378441,4655,2015-04-30T02:12:06.000Z
13378441,4684,2014-12-17T18:26:32.000Z
13378441,4793,2015-07-25T16:56:22.000Z
13378441,4821,2014-11-13T10:34:16.000Z
13378441,4960,2014-11-12T15:04:02.000Z
13378441,5039,2014-11-12T23:09:00.000Z
13378441,5234,2015-02-05T05:41:05.000Z
13378441,5631,2014-11-12T23:51:35.000Z
13378441,5722,2014-11-13T04:54:41.000Z
13378441,5969,2015-04-30T12:06:18.000Z
13378441,6008,2014-11-12T16:42:24.000Z
13378441,6170,2014-11-12T18:05:05.000Z
13378441,6255,2014-11-14T05:42:41.000Z
13378441,6313,2015-08-18T00:11:10.000Z
13378441,6431,2017-10-15T04:08:49.000Z
13378441,6469,2017-08-17T06:48:40.000Z
13378441,6575,2018-07-09T02:07:42.000Z
13378441,6775,2014-11-17T07:02:07.000Z
13378441,6841,2014-11-14T09:19:59.000Z
13378441,6875,2015-03-20T10:38:48.000Z
13378441,6929,2015-02-13T02:24:37.000Z
13378441,7115,2014-11-25T12:31:12.000Z
13378441,7589,2014-11-21T07:41:04.000Z
13378441,7681,2014-11-12T22:38:09.000Z
13378441,7763,2014-11-12T18:44:13.000Z
13378441,7830,2015-02-10T12:01:12.000Z
13378441,7835,2015-03-09T00:56:47.000Z
13378441,7858,2014-11-12T15:59:32.000Z
13378441,7904,2015-04-25T06:17:52.000Z
13378441,7950,2014-11-06T22:42:48.000Z
13378441,7986,2014-11-13T12:05:56.000Z
13378441,8089,2017-06-02T17:35:57.000Z
13378441,8102,2016-11-18T14:13:45.000Z
13378441,8149,2014-11-12T22:03:59.000Z
13378441,8264,2014-11-13T22:44:57.000Z
13378441,8300,2017-07-02T02:38:20.000Z
13378441,8309,2014-11-13T06:54:48.000Z
13378441,8311,2014-12-10T00:03:41.000Z
13378441,8331,2014-11-14T14:59:16.000Z
13378441,8510,2017-04-04T22:15:01.000Z
13378441,8556,2015-05-02T12:22:24.000Z
13378441,8850,2015-10-26T22:40:19.000Z
13378441,8893,2014-11-13T08:34:32.000Z
13378441,8947,2014-11-13T08:24:27.000Z
13378441,9028,2018-07-31T18:32:51.000Z
13378441,9048,2014-11-12T20:24:32.000Z
13378441,9062,2014-11-13T05:56:54.000Z
13378441,9073,2015-04-05T18:44:34.000Z
13378441,9133,2014-11-12T15:15:18.000Z
13378441,9142,2018-08-15T03:23:15.000Z
13378441,9308,2014-11-12T21:48:49.000Z
13378441,9326,2014-11-21T07:21:52.000Z
13378441,9509,2014-11-12T21:13:39.000Z
13378441,9526,2014-11-12T18:22:15.000Z
13378441,9718,2016-06-02T11:49:58.000Z
13378441,9867,2016-07-13T11:44:43.000Z
13378441,10018,2015-11-18T06:11:44.000Z
13378441,10075,2014-11-13T07:14:26.000Z
13378441,10098,2015-05-02T09:40:27.000Z
13378441,10108,2014-11-22T09:30:19.000Z
13378441,10110,2014-11-12T16:54:25.000Z
13378441,10296,2016-03-21T20:52:13.000Z
13378441,10389,2014-11-12T17:23:32.000Z
13378441,10540,2014-11-12T23:21:30.000Z
13378441,10551,2015-02-07T11:47:52.000Z
13378441,10577,2014-11-13T13:57:58.000Z
13378441,10596,2014-11-13T08:26:08.000Z
13378441,10762,2014-11-13T12:31:11.000Z
13378441,10933,2014-11-13T07:15:59.000Z
13378441,10956,2014-11-13T01:40:25.000Z
13378441,10983,2014-11-21T14:13:27.000Z
13378441,11012,2014-11-12T21:24:37.000Z
13378441,11248,2016-10-06T19:06:34.000Z
13378441,11498,2014-11-13T01:44:55.000Z
13378441,11623,2014-11-14T19:08:02.000Z
13378441,11680,2014-11-06T22:42:48.000Z
13378441,11706,2017-02-02T06:04:27.000Z
13378441,11938,2014-11-13T08:39:20.000Z
13378441,11963,2014-11-12T15:01:47.000Z
13378441,12068,2014-11-28T00:17:54.000Z
13378441,12092,2014-11-17T00:18:10.000Z
13378441,12097,2014-11-13T02:12:19.000Z
13378441,12282,2014-11-12T22:06:04.000Z
13378441,12284,2015-05-07T07:18:00.000Z
13378441,12294,2015-02-04T04:37:49.000Z
13378441,12305,2014-11-22T10:06:12.000Z
13378441,12312,2014-11-12T20:47:46.000Z
13378441,12315,2014-11-25T19:56:49.000Z
13378441,12334,2014-11-12T17:38:24.000Z
13378441,12382,2014-11-13T21:07:27.000Z
13378441,12427,2015-06-16T14:18:30.000Z
13378441,12429,2014-11-12T15:01:44.000Z
13378441,12456,2016-11-15T16:03:24.000Z
13378441,12463,2014-11-13T13:57:43.000Z
13378441,12464,2014-11-12T18:04:57.000Z
13378441,12477,2014-11-14T05:55:57.000Z
13378441,12479,2014-11-12T16:53:24.000Z
13378441,12491,2014-11-12T15:27:38.000Z
13378441,12497,2014-11-14T21:51:17.000Z
13378441,12503,2015-02-04T15:04:06.000Z
13378441,12504,2014-11-12T22:08:31.000Z
13378441,12520,2015-02-04T04:41:40.000Z
13378441,12531,2014-11-13T09:32:33.000Z
13378441,12532,2014-11-12T19:03:07.000Z
13378441,12533,2014-11-13T08:12:20.000Z
13378441,12534,2014-12-04T20:59:23.000Z
13378441,12536,2019-02-01T05:06:49.000Z
13378441,12548,2017-07-16T06:36:18.000Z
13378441,12552,2019-04-15T20:43:32.000Z
13378441,12554,2014-11-12T15:20:11.000Z
13378441,12555,2015-02-03T18:29:34.000Z
13378441,12557,2014-11-13T19:02:46.000Z
13378441,12558,2014-11-13T05:37:53.000Z
13378441,12559,2014-11-13T01:29:01.000Z
13378441,12560,2014-11-20T21:41:38.000Z
13378441,12568,2015-04-26T23:10:00.000Z
13378441,12573,2014-11-13T02:24:06.000Z
13378441,12574,2014-11-15T18:02:46.000Z
13378441,12575,2014-11-12T14:57:28.000Z
13378441,12581,2014-11-13T07:43:19.000Z
13378441,12592,2014-12-16T17:35:22.000Z
13378441,12604,2017-09-29T17:03:13.000Z
13378441,12614,2014-11-15T01:04:04.000Z
13378441,12617,2014-11-13T14:45:19.000Z
13378441,12618,2014-11-20T19:53:19.000Z
13378441,12625,2014-11-12T15:01:33.000Z
13378441,12627,2014-11-12T22:31:16.000Z
13378441,12636,2014-11-12T16:26:55.000Z
13378441,12640,2016-06-10T14:43:28.000Z
13378441,12648,2014-11-12T14:47:54.000Z
13378441,12651,2016-04-06T20:20:32.000Z
13378441,12656,2014-11-13T16:08:08.000Z
13378441,12675,2014-11-12T15:45:28.000Z
13378441,12677,2014-11-17T04:10:44.000Z
13378441,12681,2015-02-04T06:22:34.000Z
13378441,12684,2018-03-31T05:04:26.000Z
13378441,12686,2014-11-13T11:14:57.000Z
13378441,12690,2015-12-28T06:49:10.000Z
13378441,12694,2017-02-24T17:25:52.000Z
13378441,12699,2015-02-04T06:24:35.000Z
13378441,12718,2014-11-22T12:20:52.000Z
13378441,12726,2014-11-12T18:32:35.000Z
13378441,12731,2014-11-12T14:47:39.000Z
13378441,12732,2014-11-12T23:52:50.000Z
13378441,12733,2014-11-12T16:38:39.000Z
13378441,12738,2014-11-13T07:51:28.000Z
13378441,12740,2014-11-18T17:16:41.000Z
13378441,12759,2014-11-14T05:49:14.000Z
13378441,12764,2014-11-14T02:04:21.000Z
13378441,12772,2014-11-14T00:46:20.000Z
13378441,12777,2014-12-08T01:46:42.000Z
13378441,12788,2014-12-18T12:09:56.000Z
13378441,12792,2014-11-21T21:46:44.000Z
13378441,12798,2014-11-12T17:21:00.000Z
13378441,12803,2015-03-28T17:33:21.000Z
13378441,12832,2014-12-08T04:18:39.000Z
13378441,12836,2014-11-13T01:37:02.000Z
13378441,12844,2015-09-30T19:51:20.000Z
13378441,12854,2014-11-13T16:11:17.000Z
13378441,12856,2014-11-17T01:23:40.000Z
13378441,12858,2014-11-12T16:20:04.000Z
13378441,12862,2018-03-06T01:32:47.000Z
13378441,12866,2014-11-13T16:51:11.000Z
13378441,12869,2015-08-04T06:56:34.000Z
13378441,12879,2015-02-04T00:45:11.000Z
13378441,12887,2014-11-12T14:58:56.000Z
13378441,12908,2015-05-01T09:19:42.000Z
13378441,12909,2014-11-13T17:44:13.000Z
13378441,12933,2016-07-14T05:16:54.000Z
13378441,13058,2014-11-13T10:45:00.000Z
13378441,13100,2014-11-14T06:57:05.000Z
13378441,13135,2014-11-17T04:32:39.000Z
13378441,13141,2017-05-05T03:00:27.000Z
13378441,13143,2014-11-18T21:05:34.000Z
13378441,13356,2014-11-13T13:08:45.000Z
13378441,13623,2014-11-13T04:41:24.000Z
13378441,13714,2014-12-09T18:16:51.000Z
13378441,13976,2016-07-04T12:01:36.000Z
13378441,14076,2016-04-19T13:28:30.000Z
13378441,14079,2014-11-13T07:39:22.000Z
13378441,14080,2014-11-12T15:50:38.000Z
13378441,14086,2014-11-12T14:51:41.000Z
13378441,14089,2014-11-13T17:47:51.000Z
13378441,14352,2015-04-30T16:04:37.000Z
13378441,14363,2015-03-26T15:54:59.000Z
13378441,14381,2014-11-19T00:43:19.000Z
13378441,14395,2019-04-13T14:59:41.000Z
13378441,14430,2014-11-12T21:01:45.000Z
13378441,14708,2016-08-18T01:32:52.000Z
13378441,14712,2018-11-09T16:06:08.000Z
13378441,14753,2014-11-12T15:51:04.000Z
13378441,14772,2014-12-10T11:22:11.000Z
13378441,14781,2018-07-06T10:27:44.000Z
13378441,14803,2014-11-12T17:48:00.000Z
13378441,14804,2014-11-12T15:15:48.000Z
13378441,14826,2014-11-12T18:00:56.000Z
13378441,14842,2017-11-28T20:51:22.000Z
13378441,14977,2016-04-29T07:20:02.000Z
13378441,14988,2015-02-19T11:42:44.000Z
13378441,15008,2014-11-12T23:55:44.000Z
13378441,15016,2014-11-06T22:42:48.000Z
13378441,15045,2014-11-17T15:28:35.000Z
13378441,15089,2015-06-15T00:50:05.000Z
13378441,15239,2014-11-21T17:45:08.000Z
13378441,15250,2014-11-15T08:22:38.000Z
13378441,15252,2014-12-05T03:25:41.000Z
13378441,15411,2014-11-13T14:34:28.000Z
13378441,15661,2015-11-02T06:11:13.000Z
13378441,15697,2018-11-03T09:17:00.000Z
13378441,15800,2014-11-13T16:28:46.000Z
13378441,15801,2016-07-10T03:05:48.000Z
13378441,15846,2015-04-08T01:53:46.000Z
13378441,15851,2014-11-21T16:54:48.000Z
13378441,15853,2014-11-13T16:13:39.000Z
13378441,15856,2019-03-20T00:40:56.000Z
13378441,15860,2018-10-29T01:09:00.000Z
13378441,15877,2014-11-15T14:31:41.000Z
13378441,15878,2014-11-14T17:28:33.000Z
13378441,15911,2014-11-12T16:24:32.000Z
13378441,15912,2014-11-13T08:20:57.000Z
13378441,15944,2014-11-20T00:38:54.000Z
13378441,15955,2014-11-15T01:02:16.000Z
13378441,15964,2014-11-12T14:56:38.000Z
13378441,16000,2017-04-03T22:21:49.000Z
13378441,16053,2014-11-20T22:21:39.000Z
13378441,16055,2014-11-16T14:45:20.000Z
13378441,16071,2014-12-13T02:01:53.000Z
13378441,16075,2016-10-14T03:18:46.000Z
13378441,16089,2014-11-20T09:22:17.000Z
13378441,16112,2015-07-20T00:25:53.000Z
13378441,16130,2014-12-03T18:23:33.000Z
13378441,16142,2014-11-12T20:22:43.000Z
13378441,16184,2014-11-12T22:09:52.000Z
13378441,16191,2014-11-12T21:08:54.000Z
13378441,16195,2014-11-28T01:55:42.000Z
13378441,16274,2016-06-27T01:17:34.000Z
13378441,16286,2015-04-16T13:31:16.000Z
13378441,16287,2015-02-08T19:31:40.000Z
13378441,16297,2014-11-15T13:15:31.000Z
13378441,16302,2015-02-08T12:21:08.000Z
13378441,16325,2015-11-06T16:51:41.000Z
13378441,16331,2016-07-17T14:25:11.000Z
13378441,16335,2014-11-12T23:37:55.000Z
13378441,16357,2014-11-12T21:49:24.000Z
13378441,16360,2014-11-12T22:21:38.000Z
13378441,16361,2016-07-07T04:14:47.000Z
13378441,16381,2014-11-13T00:24:52.000Z
13378441,16382,2016-07-07T06:43:07.000Z
13378441,16475,2014-11-13T06:45:26.000Z
13378441,16476,2015-02-04T14:53:40.000Z
13378441,16478,2014-11-12T15:45:54.000Z
13378441,16490,2017-07-14T21:37:07.000Z
13378441,16501,2014-11-14T12:44:21.000Z
13378441,16664,2017-11-28T01:04:56.000Z
13378441,17001,2014-11-12T22:10:25.000Z
13378441,17040,2014-12-23T15:35:06.000Z
13378441,17106,2014-11-12T16:42:30.000Z
13378441,17118,2014-11-12T16:23:04.000Z
13378441,17274,2014-11-14T10:32:37.000Z
13378441,17400,2019-04-23T23:11:23.000Z
13378441,17517,2018-08-09T10:07:04.000Z
13378441,17609,2015-02-26T20:27:11.000Z
13378441,17784,2014-11-14T16:40:20.000Z
13378441,17845,2014-11-13T01:04:50.000Z
13378441,17951,2014-11-12T15:31:47.000Z
13378441,17966,2014-11-12T19:20:20.000Z
13378441,18010,2017-07-09T06:54:47.000Z
13378441,18130,2014-11-16T23:01:17.000Z
13378441,18142,2014-11-14T09:59:49.000Z
13378441,18159,2014-11-12T21:41:59.000Z
13378441,18250,2014-11-12T21:57:45.000Z
13378441,18454,2014-11-14T22:54:23.000Z
13378441,18602,2019-03-19T00:15:17.000Z
13378441,18637,2014-11-23T13:29:09.000Z
13378441,18785,2014-11-13T02:48:00.000Z
13378441,18814,2014-11-12T22:48:42.000Z
13378441,18891,2014-11-12T16:17:29.000Z
13378441,18903,2014-11-13T05:56:22.000Z
13378441,18920,2015-09-04T13:17:21.000Z
13378441,18942,2015-06-29T14:46:33.000Z
13378441,19077,2014-11-12T20:25:31.000Z
13378441,19193,2014-12-18T14:01:57.000Z
13378441,19293,2014-11-13T01:04:07.000Z
13378441,19306,2014-11-12T18:20:48.000Z
13378441,19343,2015-01-29T00:19:05.000Z
13378441,19392,2014-11-15T20:43:15.000Z
13378441,19440,2014-11-13T05:41:17.000Z
13378441,19511,2014-11-13T03:36:56.000Z
13378441,19512,2014-11-13T13:22:55.000Z
13378441,19565,2014-11-12T17:49:04.000Z
13378441,19621,2014-11-12T15:17:54.000Z
13378441,19797,2018-07-05T06:40:07.000Z
13378441,19803,2014-11-14T02:43:58.000Z
13378441,19869,2015-03-07T06:45:19.000Z
13378441,19922,2014-12-16T11:33:22.000Z
13378441,19954,2014-11-20T21:17:08.000Z
13378441,19972,2014-11-19T16:27:30.000Z
13378441,20089,2014-11-13T05:49:57.000Z
13378441,20296,2014-11-13T14:10:22.000Z
13378441,20297,2014-11-13T03:04:30.000Z
13378441,20340,2014-11-14T03:20:13.000Z
13378441,20414,2014-12-03T02:14:32.000Z
13378441,20435,2014-11-12T16:26:56.000Z
13378441,20458,2017-01-04T14:15:33.000Z
13378441,20475,2014-11-13T09:50:06.000Z
13378441,20510,2014-11-12T16:18:44.000Z
13378441,20594,2014-11-12T19:06:09.000Z
13378441,20596,2014-11-18T04:37:08.000Z
13378441,20846,2015-12-31T03:16:13.000Z
13378441,21002,2014-11-12T14:53:35.000Z
13378441,21021,2014-11-13T04:16:24.000Z
13378441,21026,2014-11-13T07:49:58.000Z
13378441,21037,2015-01-02T00:15:41.000Z
13378441,21039,2014-11-06T22:42:48.000Z
13378441,21041,2017-02-15T20:14:52.000Z
13378441,21059,2015-06-04T18:26:00.000Z
13378441,21125,2014-12-05T01:34:22.000Z
13378441,21126,2014-11-14T08:37:27.000Z
13378441,21151,2014-11-17T06:42:22.000Z
13378441,21161,2014-11-12T20:51:40.000Z
13378441,21205,2014-11-25T01:40:12.000Z
13378441,21218,2014-11-13T06:39:32.000Z
13378441,21234,2014-11-12T16:15:12.000Z
13378441,21255,2014-11-13T01:12:50.000Z
13378441,21272,2015-12-08T16:31:24.000Z
13378441,21315,2014-11-13T01:44:06.000Z
13378441,21319,2014-11-13T01:49:06.000Z
13378441,21323,2016-07-19T11:17:00.000Z
13378441,21324,2014-11-12T15:36:24.000Z
13378441,21519,2016-08-10T10:54:57.000Z
13378441,21562,2014-12-02T09:06:48.000Z
13378441,21612,2014-11-17T01:00:50.000Z
13378441,21627,2014-11-17T18:32:54.000Z
13378441,21631,2015-04-22T18:20:11.000Z
13378441,21639,2014-11-13T02:56:56.000Z
13378441,21701,2014-11-12T16:41:49.000Z
13378441,21828,2015-01-15T15:09:55.000Z
13378441,21855,2014-11-21T01:51:07.000Z
13378441,21874,2015-02-04T05:48:58.000Z
13378441,21975,2014-11-12T15:25:32.000Z
13378441,22073,2014-11-16T23:19:14.000Z
13378441,22187,2017-10-06T03:57:47.000Z
13378441,22211,2014-11-17T05:31:41.000Z
13378441,22494,2014-11-12T17:40:21.000Z
13378441,22526,2014-11-16T18:15:47.000Z
13378441,22650,2017-08-25T02:47:59.000Z
13378441,22946,2017-11-05T10:36:46.000Z
13378441,23199,2014-11-12T17:53:09.000Z
13378441,23224,2014-11-17T13:02:14.000Z
13378441,23234,2014-11-13T01:50:32.000Z
13378441,23310,2014-11-13T05:39:35.000Z
13378441,23352,2014-11-12T16:23:39.000Z
13378441,23386,2014-11-13T08:52:22.000Z
13378441,23409,2014-11-13T01:53:29.000Z
13378441,23563,2017-06-29T12:12:07.000Z
13378441,23698,2014-12-03T08:06:08.000Z
13378441,23790,2015-03-29T13:39:50.000Z
13378441,23968,2014-11-13T12:20:15.000Z
13378441,24064,2014-11-12T15:03:31.000Z
13378441,24093,2014-12-24T01:59:46.000Z
13378441,24429,2014-11-14T01:35:06.000Z
13378441,24516,2014-11-14T04:20:19.000Z
13378441,24523,2015-02-10T18:58:34.000Z
13378441,24558,2014-11-23T07:50:17.000Z
13378441,24684,2014-11-12T15:32:34.000Z
13378441,24729,2014-11-13T09:38:58.000Z
13378441,24760,2017-08-30T18:02:26.000Z
13378441,25148,2014-11-12T15:52:38.000Z
13378441,25297,2015-02-06T07:13:57.000Z
13378441,25304,2014-12-03T07:04:52.000Z
13378441,25327,2015-02-12T03:21:51.000Z
13378441,25461,2018-09-15T02:42:40.000Z
13378441,25529,2014-11-18T04:50:04.000Z
13378441,25530,2014-11-13T03:20:39.000Z
13378441,25534,2014-11-12T21:28:20.000Z
13378441,25547,2014-11-12T23:26:38.000Z
13378441,25563,2014-11-12T20:58:57.000Z
13378441,25610,2015-01-04T19:52:14.000Z
13378441,25688,2014-11-13T03:03:37.000Z
13378441,25693,2014-12-24T01:49:06.000Z
13378441,25696,2014-11-12T16:34:00.000Z
13378441,25962,2014-11-12T15:49:44.000Z
13378441,26110,2014-11-21T03:57:28.000Z
13378441,26242,2015-01-14T14:37:07.000Z
13378441,26244,2014-11-13T07:32:38.000Z
13378441,26351,2015-12-01T22:10:20.000Z
13378441,26433,2014-11-24T13:57:54.000Z
13378441,26632,2014-11-13T07:33:08.000Z
13378441,27725,2014-11-12T16:26:36.000Z
13378441,27729,2014-11-12T16:04:06.000Z
13378441,27734,2015-02-04T03:28:31.000Z
13378441,27735,2014-11-12T17:25:46.000Z
13378441,28637,2014-11-12T20:41:39.000Z
13378441,28654,2014-11-12T15:46:25.000Z
13378441,28669,2014-11-12T21:58:53.000Z
13378441,28734,2015-11-18T05:31:24.000Z
13378441,28765,2014-11-17T12:20:27.000Z
13378441,28923,2017-08-02T17:34:29.000Z
13378441,29176,2015-03-02T05:47:51.000Z
13378441,29185,2014-11-12T14:55:41.000Z
13378441,29629,2015-11-29T19:04:03.000Z
13378441,29662,2014-11-14T17:07:47.000Z
13378441,29667,2014-11-21T19:21:00.000Z
13378441,29693,2014-11-12T15:05:04.000Z
13378441,29717,2014-11-13T03:40:12.000Z
13378441,29875,2014-11-13T13:58:30.000Z
13378441,29895,2014-11-12T15:31:00.000Z
13378441,29915,2014-12-03T08:43:30.000Z
13378441,29936,2014-11-14T15:30:17.000Z
13378441,29979,2015-02-04T12:17:32.000Z
13378441,30053,2015-07-23T13:44:11.000Z
13378441,30082,2014-11-13T15:35:30.000Z
13378441,30119,2015-02-18T06:52:25.000Z
13378441,30138,2015-10-22T01:11:32.000Z
13378441,30154,2014-11-13T01:40:37.000Z
13378441,30252,2017-05-18T05:39:15.000Z
13378441,30324,2015-04-23T11:13:33.000Z
13378441,30383,2018-01-14T02:25:01.000Z
13378441,30384,2014-11-21T18:19:26.000Z
13378441,30550,2015-12-02T08:43:46.000Z
13378441,30779,2014-11-13T11:48:24.000Z
13378441,30920,2014-11-15T14:25:25.000Z
13378441,30973,2016-04-01T02:38:59.000Z
13378441,31046,2014-11-13T21:58:43.000Z
13378441,31090,2015-02-28T00:35:56.000Z
13378441,31166,2014-11-14T07:43:51.000Z
13378441,31225,2014-12-10T00:51:03.000Z
13378441,31679,2014-11-28T20:30:00.000Z
13378441,31888,2014-11-14T13:56:14.000Z
13378441,31916,2014-11-13T03:29:54.000Z
13378441,31933,2015-02-12T07:23:29.000Z
13378441,31968,2015-03-12T21:17:59.000Z
13378441,31970,2014-11-13T10:21:18.000Z
13378441,31977,2014-11-13T01:50:31.000Z
13378441,32233,2018-06-20T19:44:45.000Z
13378441,32348,2014-11-12T15:09:21.000Z
13378441,32468,2014-11-13T03:21:52.000Z
13378441,32586,2015-01-09T10:56:50.000Z
13378441,32648,2014-11-14T14:57:55.000Z
13378441,32650,2014-11-12T14:50:32.000Z
13378441,32660,2014-12-11T06:44:44.000Z
13378441,32663,2015-09-17T09:40:25.000Z
13378441,32664,2015-07-12T08:40:07.000Z
13378441,32665,2014-11-12T15:47:53.000Z
13378441,32836,2014-11-16T04:11:07.000Z
13378441,32847,2014-11-12T18:27:40.000Z
13378441,32997,2014-11-12T21:08:34.000Z
13378441,33085,2015-09-05T10:00:47.000Z
13378441,33174,2014-11-12T15:06:12.000Z
13378441,33230,2014-11-13T12:15:07.000Z
13378441,33256,2014-11-12T18:35:54.000Z
13378441,33887,2014-11-13T01:42:18.000Z
13378441,33924,2014-11-13T08:06:47.000Z
13378441,33935,2014-12-13T05:02:59.000Z
13378441,34069,2014-12-06T19:46:50.000Z
13378441,34314,2015-11-24T15:40:15.000Z
13378441,34365,2014-11-13T10:30:20.000Z
13378441,34422,2014-11-24T06:46:34.000Z
13378441,34636,2014-11-13T16:56:56.000Z
13378441,35063,2014-11-12T16:12:19.000Z
13378441,35218,2015-08-08T06:43:48.000Z
13378441,35293,2014-11-15T12:43:47.000Z
13378441,35393,2016-12-05T17:09:11.000Z
13378441,35495,2014-11-12T15:53:47.000Z
13378441,35592,2015-08-03T15:52:31.000Z
13378441,35684,2014-11-12T17:48:06.000Z
13378441,35977,2018-12-01T15:10:39.000Z
13378441,36004,2014-11-13T13:52:58.000Z
13378441,36021,2015-04-29T17:36:23.000Z
13378441,36236,2014-11-12T20:46:18.000Z
13378441,36261,2014-11-13T07:45:40.000Z
13378441,36437,2014-11-12T14:49:00.000Z
13378441,36475,2014-11-26T16:54:02.000Z
13378441,36544,2014-11-13T14:09:36.000Z
13378441,36594,2015-01-30T20:18:54.000Z
13378441,36614,2016-07-01T02:04:48.000Z
13378441,36617,2015-05-03T05:55:12.000Z
13378441,36784,2015-04-30T11:27:18.000Z
13378441,36842,2014-11-12T15:05:13.000Z
13378441,37037,2015-09-05T21:56:45.000Z
13378441,37213,2014-11-14T05:44:47.000Z
13378441,37232,2014-11-12T21:10:15.000Z
13378441,37435,2014-11-14T07:29:50.000Z
13378441,37624,2014-11-13T12:53:24.000Z
13378441,37690,2018-12-12T20:25:55.000Z
13378441,37834,2014-11-12T15:48:18.000Z
13378441,37846,2014-11-12T15:10:48.000Z
13378441,38031,2014-11-13T12:34:33.000Z
13378441,38199,2014-11-16T04:44:16.000Z
13378441,38338,2014-11-21T22:34:59.000Z
13378441,38566,2014-11-12T21:01:25.000Z
13378441,38751,2014-11-12T20:44:24.000Z
13378441,38760,2015-01-01T18:48:35.000Z
13378441,39088,2014-11-12T16:18:53.000Z
13378441,39422,2014-11-13T01:57:49.000Z
13378441,39427,2014-11-21T13:20:32.000Z
13378441,39563,2014-11-12T19:38:17.000Z
13378441,39626,2017-10-17T15:54:34.000Z
13378441,40059,2015-02-22T05:45:44.000Z
13378441,40348,2014-11-13T17:45:51.000Z
13378441,40490,2017-11-08T03:17:09.000Z
13378441,40497,2014-12-13T14:02:47.000Z
13378441,40501,2014-11-13T03:52:29.000Z
13378441,40586,2014-11-13T01:14:08.000Z
13378441,40659,2014-11-13T00:08:23.000Z
13378441,40823,2015-02-26T08:08:52.000Z
13378441,40827,2014-11-13T00:39:52.000Z
13378441,40886,2014-11-13T10:20:55.000Z
13378441,40929,2014-11-12T14:46:42.000Z
13378441,40995,2014-11-19T14:53:27.000Z
13378441,41024,2015-01-05T09:07:37.000Z
13378441,41120,2018-10-15T06:13:24.000Z
13378441,41236,2014-11-18T13:57:11.000Z
13378441,41284,2015-12-01T10:39:20.000Z
13378441,41313,2018-09-17T04:04:22.000Z
13378441,41321,2014-11-13T09:42:53.000Z
13378441,41442,2014-11-14T05:45:06.000Z
13378441,41443,2017-09-13T13:56:08.000Z
13378441,41549,2014-11-12T21:03:00.000Z
13378441,41603,2014-11-14T11:35:42.000Z
13378441,41618,2014-11-19T01:00:43.000Z
13378441,41636,2015-08-19T10:45:52.000Z
13378441,41740,2014-11-12T23:43:25.000Z
13378441,41928,2018-07-21T08:54:27.000Z
13378441,41982,2015-04-30T00:52:55.000Z
13378441,42022,2014-11-17T04:24:10.000Z
13378441,42315,2014-11-12T23:01:19.000Z
13378441,42442,2016-11-16T00:19:21.000Z
13378441,42456,2014-11-22T11:30:16.000Z
13378441,42593,2014-11-25T06:09:58.000Z
13378441,42681,2014-11-14T10:50:28.000Z
13378441,42696,2014-11-15T10:37:05.000Z
13378441,42956,2015-02-04T02:03:47.000Z
13378441,43156,2014-11-12T22:59:05.000Z
13378441,43214,2014-11-13T05:47:40.000Z
13378441,43481,2014-11-13T06:46:48.000Z
13378441,43597,2014-11-13T11:49:24.000Z
13378441,43715,2014-11-13T02:14:49.000Z
13378441,43798,2015-11-18T16:48:37.000Z
13378441,43860,2014-11-12T21:05:13.000Z
13378441,43925,2014-12-26T03:35:19.000Z
13378441,43969,2016-06-11T01:48:14.000Z
13378441,44009,2014-11-13T04:17:32.000Z
13378441,44143,2014-11-13T12:13:30.000Z
13378441,44151,2014-11-13T09:59:01.000Z
13378441,44196,2014-11-15T08:30:36.000Z
13378441,44201,2015-03-09T21:14:23.000Z
13378441,44302,2014-12-03T11:09:13.000Z
13378441,44348,2014-11-12T14:54:14.000Z
13378441,44388,2014-11-16T20:00:20.000Z
13378441,44510,2014-11-12T18:48:29.000Z
13378441,44541,2014-11-14T23:28:20.000Z
13378441,44731,2014-11-18T19:38:47.000Z
13378441,44782,2015-01-15T05:05:26.000Z
13378441,45862,2014-11-25T03:15:20.000Z
13378441,45988,2014-11-13T16:48:45.000Z
13378441,46013,2014-11-12T23:05:17.000Z
13378441,46030,2014-11-12T16:57:57.000Z
13378441,46077,2014-11-13T08:56:47.000Z
13378441,46090,2015-01-11T23:03:31.000Z
13378441,46143,2014-11-14T15:00:38.000Z
13378441,46358,2014-12-31T18:34:36.000Z
13378441,46361,2016-07-01T08:11:00.000Z
13378441,46487,2019-04-04T12:03:41.000Z
13378441,46722,2014-11-13T01:54:31.000Z
13378441,46872,2014-11-14T15:52:29.000Z
13378441,46898,2014-11-12T17:04:23.000Z
13378441,46921,2015-08-08T06:11:21.000Z
13378441,47053,2015-03-24T19:48:22.000Z
13378441,47090,2014-11-13T04:03:14.000Z
13378441,47314,2014-11-13T22:56:19.000Z
13378441,47523,2014-11-12T21:15:56.000Z
13378441,47635,2014-11-13T13:47:17.000Z
13378441,47682,2014-11-21T10:09:57.000Z
13378441,47843,2014-11-13T02:03:02.000Z
13378441,47894,2014-11-13T03:41:01.000Z
13378441,47899,2016-05-18T23:18:09.000Z
13378441,47938,2015-02-03T00:34:31.000Z
13378441,48065,2014-11-13T20:01:26.000Z
13378441,48121,2014-12-04T12:36:12.000Z
13378441,48142,2014-11-12T22:31:13.000Z
13378441,48165,2014-12-18T16:17:16.000Z
13378441,48293,2014-11-12T16:09:40.000Z
13378441,48526,2014-11-17T06:42:39.000Z
13378441,48633,2014-11-13T01:58:39.000Z
13378441,48853,2014-11-18T01:26:03.000Z
13378441,49169,2014-11-16T00:28:29.000Z
13378441,49235,2014-11-13T01:15:54.000Z
13378441,49292,2014-11-13T05:07:08.000Z
13378441,49562,2015-02-17T00:42:39.000Z
13378441,49723,2014-11-16T16:55:55.000Z
13378441,49978,2015-12-31T14:18:58.000Z
13378441,50185,2015-03-24T18:36:06.000Z
13378441,50216,2014-11-12T16:20:35.000Z
13378441,50265,2014-11-14T10:37:08.000Z
13378441,50387,2014-11-13T11:45:30.000Z
13378441,50846,2014-11-16T12:52:50.000Z
13378441,50904,2014-11-22T21:16:52.000Z
13378441,50918,2016-08-20T10:56:40.000Z
13378441,51032,2017-11-16T23:36:37.000Z
13378441,51072,2014-11-12T14:51:03.000Z
13378441,51280,2015-01-14T09:49:47.000Z
13378441,51482,2014-11-12T14:58:18.000Z
13378441,51684,2015-06-23T09:42:20.000Z
13378441,51845,2014-11-13T09:17:53.000Z
13378441,52130,2015-02-09T02:13:06.000Z
13378441,52293,2014-11-14T16:05:52.000Z
13378441,52363,2015-02-11T05:27:08.000Z
13378441,52368,2015-09-14T23:06:51.000Z
13378441,52564,2014-11-13T08:43:30.000Z
13378441,52648,2014-11-12T15:27:37.000Z
13378441,52831,2014-11-12T16:43:39.000Z
13378441,52860,2014-11-12T19:22:08.000Z
13378441,52982,2014-11-13T04:30:45.000Z
13378441,52984,2014-11-12T21:26:22.000Z
13378441,53153,2014-11-19T01:46:36.000Z
13378441,53434,2014-11-12T17:15:03.000Z
13378441,53454,2014-11-12T22:49:50.000Z
13378441,53464,2014-11-14T05:29:05.000Z
13378441,53566,2014-12-18T18:57:59.000Z
13378441,53881,2014-12-12T06:27:07.000Z
13378441,54075,2018-06-17T16:57:51.000Z
13378441,54203,2015-02-24T08:18:29.000Z
13378441,54252,2014-11-16T19:23:16.000Z
13378441,54293,2015-02-05T08:41:35.000Z
13378441,54366,2014-11-14T06:02:50.000Z
13378441,54451,2017-02-26T18:40:02.000Z
13378441,54499,2014-11-12T15:22:18.000Z
13378441,54635,2014-11-12T20:48:49.000Z
13378441,54642,2016-05-03T09:20:14.000Z
13378441,54692,2014-11-13T01:04:12.000Z
13378441,54723,2014-11-12T20:18:22.000Z
13378441,55004,2014-11-20T15:53:53.000Z
13378441,55059,2014-11-13T17:48:50.000Z
13378441,55137,2014-11-13T10:25:29.000Z
13378441,55292,2014-11-14T02:22:15.000Z
13378441,55319,2015-02-01T12:17:55.000Z
13378441,55349,2014-11-06T22:42:48.000Z
13378441,55744,2014-11-13T00:38:10.000Z
13378441,55753,2014-11-14T07:15:17.000Z
13378441,55770,2014-12-02T00:23:39.000Z
13378441,55815,2014-11-12T16:30:47.000Z
13378441,56033,2014-11-14T05:01:43.000Z
13378441,56161,2014-11-12T15:33:10.000Z
13378441,56430,2014-11-13T18:11:16.000Z
13378441,56454,2014-11-12T23:45:05.000Z
13378441,56878,2015-04-29T20:28:37.000Z
13378441,57483,2015-05-05T14:21:05.000Z
13378441,58036,2014-12-03T14:01:09.000Z
13378441,59277,2014-11-13T06:41:04.000Z
13378441,59350,2014-11-13T03:31:45.000Z
13378441,59392,2014-11-14T04:35:21.000Z
13378441,59971,2017-09-06T15:07:08.000Z
13378441,60098,2014-11-12T18:26:43.000Z
13378441,60194,2014-11-13T16:50:16.000Z
13378441,60453,2014-11-12T15:21:43.000Z
13378441,60651,2014-11-12T15:04:57.000Z
13378441,60909,2014-11-13T05:45:42.000Z
13378441,61212,2014-11-15T01:33:56.000Z
13378441,61820,2014-11-12T22:30:50.000Z
13378441,62057,2016-08-16T20:31:00.000Z
13378441,62199,2014-11-12T15:42:14.000Z
13378441,62210,2014-11-12T20:54:29.000Z
13378441,62236,2018-12-11T19:49:31.000Z
13378441,62298,2015-09-28T20:03:18.000Z
13378441,62341,2014-11-13T14:34:39.000Z
13378441,62344,2014-11-15T18:10:52.000Z
13378441,62355,2014-11-13T01:00:16.000Z
13378441,62356,2014-11-12T18:46:20.000Z
13378441,62357,2014-11-13T06:35:43.000Z
13378441,62606,2015-11-18T23:40:49.000Z
13378441,62670,2014-11-13T22:32:28.000Z
13378441,62752,2014-12-11T12:37:08.000Z
13378441,62790,2014-11-17T13:04:09.000Z
13378441,62926,2018-06-16T23:30:45.000Z
13378441,62942,2014-11-12T15:22:16.000Z
13378441,63058,2015-02-19T17:26:09.000Z
13378441,63137,2015-02-02T21:32:28.000Z
13378441,63156,2014-11-17T06:40:05.000Z
13378441,63217,2014-11-13T12:09:12.000Z
13378441,63276,2016-09-13T12:34:37.000Z
13378441,63291,2014-11-24T09:12:22.000Z
13378441,63405,2019-03-01T16:17:48.000Z
13378441,63558,2014-11-13T00:17:06.000Z
13378441,63788,2014-11-13T15:47:41.000Z
13378441,63932,2014-11-13T02:08:07.000Z
13378441,64165,2014-11-13T07:39:07.000Z
13378441,64212,2017-12-19T03:52:53.000Z
13378441,64282,2015-02-03T22:18:30.000Z
13378441,64318,2014-12-03T16:39:28.000Z
13378441,64347,2014-11-12T15:23:32.000Z
13378441,64408,2014-11-13T01:36:47.000Z
13378441,64531,2014-11-12T15:30:28.000Z
13378441,64598,2016-10-07T09:00:44.000Z
13378441,64754,2018-02-18T19:38:38.000Z
13378441,65057,2014-11-15T18:46:19.000Z
13378441,65218,2014-11-12T15:49:58.000Z
13378441,65253,2014-11-13T12:33:14.000Z
13378441,65386,2016-04-02T11:15:07.000Z
13378441,65390,2015-02-07T11:23:47.000Z
13378441,65496,2014-11-14T08:54:41.000Z
13378441,65585,2014-12-05T16:14:15.000Z
13378441,65809,2015-01-11T23:38:07.000Z
13378441,65821,2015-01-15T14:33:54.000Z
13378441,65827,2014-11-14T15:35:46.000Z
13378441,66102,2014-11-12T22:30:12.000Z
13378441,66332,2014-11-19T07:15:04.000Z
13378441,66334,2014-11-13T03:27:28.000Z
13378441,66496,2015-04-30T15:48:53.000Z
13378441,66593,2018-03-26T03:10:13.000Z
13378441,66669,2014-11-20T02:33:08.000Z
13378441,66703,2014-11-13T03:24:29.000Z
13378441,67039,2014-11-12T18:08:48.000Z
13378441,67050,2014-11-12T16:27:50.000Z
13378441,67052,2014-11-13T02:28:27.000Z
13378441,67392,2015-06-03T10:47:40.000Z
13378441,67924,2014-11-13T02:44:52.000Z
13378441,68050,2014-11-12T23:30:02.000Z
13378441,68057,2016-04-04T17:44:09.000Z
13378441,68072,2017-04-29T14:15:14.000Z
13378441,68077,2014-12-29T23:02:36.000Z
13378441,68092,2014-11-06T22:42:48.000Z
13378441,68122,2015-01-24T15:52:36.000Z
13378441,68160,2014-12-03T05:22:43.000Z
13378441,68221,2014-11-12T15:52:17.000Z
13378441,68229,2014-11-13T14:20:33.000Z
13378441,68248,2014-11-12T15:15:31.000Z
13378441,68273,2014-11-17T04:26:57.000Z
13378441,68323,2014-11-12T18:05:20.000Z
13378441,68326,2017-02-28T22:47:46.000Z
13378441,69089,2014-11-12T19:46:09.000Z
13378441,69115,2018-05-06T21:23:20.000Z
13378441,69132,2015-03-30T19:52:03.000Z
13378441,69272,2016-01-11T12:36:48.000Z
13378441,69396,2014-11-13T02:27:42.000Z
13378441,69845,2014-11-12T15:00:47.000Z
13378441,70017,2014-11-06T22:42:48.000Z
13378441,70044,2014-11-13T20:53:11.000Z
13378441,70154,2014-11-15T02:34:23.000Z
13378441,70417,2014-11-14T13:45:51.000Z
13378441,70423,2014-11-13T00:44:23.000Z
13378441,70480,2014-11-17T22:18:08.000Z
13378441,70514,2014-11-13T09:11:38.000Z
13378441,70587,2014-11-15T01:57:53.000Z
13378441,70617,2014-11-12T16:36:58.000Z
13378441,70709,2014-11-13T08:10:50.000Z
13378441,70903,2015-03-27T07:03:15.000Z
13378441,71077,2015-04-01T11:54:41.000Z
13378441,71217,2015-05-07T18:22:46.000Z
13378441,71277,2014-11-12T15:31:29.000Z
13378441,71383,2014-11-14T17:42:58.000Z
13378441,71396,2015-04-30T12:33:06.000Z
13378441,71567,2014-11-17T01:58:04.000Z
13378441,71692,2014-11-14T06:28:36.000Z
13378441,71917,2014-11-20T15:58:52.000Z
13378441,71977,2014-11-12T17:34:14.000Z
13378441,71990,2014-11-12T18:25:16.000Z
13378441,71992,2014-11-14T21:41:57.000Z
13378441,71993,2014-11-14T00:45:08.000Z
13378441,71995,2014-11-12T15:00:43.000Z
13378441,71999,2014-11-12T16:03:36.000Z
13378441,72000,2015-01-13T09:06:27.000Z
13378441,72001,2016-08-20T02:53:48.000Z
13378441,72013,2014-11-24T16:06:43.000Z
13378441,72014,2014-11-12T16:30:57.000Z
13378441,72023,2015-01-30T03:54:46.000Z
13378441,72040,2015-01-15T13:03:37.000Z
13378441,72045,2014-11-20T10:24:29.000Z
13378441,72050,2017-03-29T10:34:43.000Z
13378441,72051,2014-11-12T16:41:31.000Z
13378441,72070,2014-11-12T16:36:54.000Z
13378441,72076,2014-11-14T10:50:53.000Z
13378441,72108,2014-11-17T06:36:51.000Z
13378441,72204,2014-11-14T06:08:17.000Z
13378441,72447,2014-11-12T20:25:38.000Z
13378441,72475,2016-12-23T19:49:23.000Z
13378441,72578,2014-11-12T23:23:30.000Z
13378441,72665,2014-11-12T20:55:08.000Z
13378441,72690,2015-04-20T12:48:50.000Z
13378441,72757,2014-11-13T10:49:32.000Z
13378441,72758,2017-06-08T01:20:25.000Z
13378441,72942,2015-11-19T15:07:31.000Z
13378441,73159,2014-11-13T06:32:53.000Z
13378441,73409,2017-04-13T05:30:28.000Z
13378441,73509,2014-11-13T13:35:36.000Z
13378441,73628,2014-11-12T17:44:16.000Z
13378441,73647,2018-07-02T19:43:08.000Z
13378441,73701,2014-11-12T15:09:43.000Z
13378441,73729,2014-11-12T20:48:29.000Z
13378441,73803,2014-11-13T09:15:22.000Z
13378441,73893,2014-11-13T03:31:43.000Z
13378441,73915,2014-11-12T16:00:27.000Z
13378441,74040,2014-11-06T22:42:48.000Z
13378441,74055,2014-11-13T14:31:15.000Z
13378441,74068,2014-11-12T15:23:47.000Z
13378441,74076,2014-12-18T11:20:36.000Z
13378441,74094,2014-11-06T22:42:48.000Z
13378441,74191,2015-03-01T01:44:07.000Z
13378441,74300,2015-02-10T14:06:51.000Z
13378441,74328,2015-08-26T14:15:58.000Z
13378441,74430,2014-11-12T16:24:50.000Z
13378441,74603,2014-11-13T07:33:41.000Z
13378441,74930,2014-11-12T17:15:06.000Z
13378441,74936,2014-11-12T20:59:30.000Z
13378441,75106,2014-11-16T07:23:27.000Z
13378441,75257,2015-02-28T15:21:06.000Z
13378441,75262,2014-11-12T16:29:46.000Z
13378441,75344,2014-11-12T22:19:42.000Z
13378441,75429,2014-11-12T20:50:45.000Z
13378441,75617,2014-12-02T12:57:50.000Z
13378441,75830,2017-08-25T20:54:51.000Z
13378441,75955,2014-11-13T14:05:16.000Z
13378441,75986,2014-12-04T08:23:59.000Z
13378441,76117,2014-11-21T18:39:45.000Z
13378441,76304,2017-05-19T12:13:52.000Z
13378441,76433,2015-02-10T12:41:32.000Z
13378441,76589,2014-11-12T15:58:40.000Z
13378441,76688,2014-11-12T17:46:22.000Z
13378441,76690,2016-09-28T07:43:48.000Z
13378441,76750,2014-11-28T00:02:15.000Z
13378441,76810,2014-11-13T04:48:04.000Z
13378441,76815,2014-11-12T15:50:41.000Z
13378441,76826,2015-02-06T00:25:53.000Z
13378441,76853,2015-05-06T13:01:33.000Z
13378441,76872,2014-11-12T23:29:43.000Z
13378441,76934,2014-11-13T05:06:04.000Z
13378441,77043,2014-11-13T08:31:33.000Z
13378441,77178,2014-11-12T20:03:46.000Z
13378441,77446,2018-07-09T10:35:49.000Z
13378441,77512,2014-11-13T15:12:25.000Z
13378441,77789,2014-11-14T09:42:27.000Z
13378441,77811,2014-11-12T15:34:04.000Z
13378441,77821,2014-12-05T17:46:13.000Z
13378441,77874,2015-04-30T07:05:25.000Z
13378441,77903,2014-11-12T14:56:43.000Z
13378441,78627,2014-12-24T14:28:28.000Z
13378441,78784,2014-11-13T00:32:33.000Z
13378441,78951,2014-11-14T11:52:25.000Z
13378441,78970,2014-11-12T15:50:21.000Z
13378441,79016,2014-11-12T20:31:19.000Z
13378441,79021,2014-11-13T04:00:58.000Z
13378441,79215,2014-11-14T12:57:54.000Z
13378441,79326,2019-01-14T15:52:21.000Z
13378441,79349,2016-01-05T15:03:45.000Z
13378441,79362,2014-11-17T05:43:05.000Z
13378441,79809,2017-04-20T13:14:11.000Z
13378441,79879,2014-11-12T18:58:42.000Z
13378441,79920,2014-11-15T14:36:48.000Z
13378441,80007,2016-01-12T20:02:05.000Z
13378441,80033,2017-07-09T14:28:07.000Z
13378441,80040,2014-11-12T19:22:08.000Z
13378441,80046,2018-11-14T18:21:54.000Z
13378441,80103,2014-11-12T22:37:00.000Z
13378441,80120,2014-11-12T19:00:53.000Z
13378441,80504,2018-05-30T04:08:36.000Z
13378441,80551,2015-08-22T10:55:27.000Z
13378441,80557,2014-11-14T03:27:50.000Z
13378441,80560,2015-12-18T23:15:20.000Z
13378441,80566,2014-12-01T15:58:06.000Z
13378441,80583,2014-11-13T16:33:16.000Z
13378441,80584,2014-12-10T08:14:53.000Z
13378441,80661,2014-11-22T02:03:58.000Z
13378441,80666,2015-02-28T04:45:54.000Z
13378441,80777,2017-06-30T12:56:22.000Z
13378441,81016,2017-11-24T06:20:16.000Z
